"num_groups","n_used","mean_ssr","mean_drift","mean_context_drift","objective"
8,7116,0.814285714285714,16.2030021511325,11.338779897154,16.3887164368467
