"AgeDecade","n","rmse_pooled","rmse_group","rsq_pooled","rsq_group","rmse_gain_group_minus_pooled","rsq_gain_group_minus_pooled"
" 0-9",186,7.78502200932772,3.20349993132249,-3.48483976503599,0.240589356433159,-4.58152207800523,3.72542912146915
" 10-19",1080,6.26515894349762,5.15367546647054,-0.0739532258304367,0.273299742163766,-1.11148347702708,0.347252967994203
" 20-29",1126,6.24365498189313,6.15654806279603,0.190088459445901,0.212529409773124,-0.087106919097101,0.022440950327223
" 30-39",1138,6.56332202431195,6.23932685881363,0.148623317569859,0.230604219164773,-0.323995165498318,0.081980901594914
" 40-49",1217,5.97397529392916,5.81243122816648,0.162592568187456,0.207269402412863,-0.161544065762683,0.0446768342254076
" 50-59",1116,6.0763633801953,5.8291833659272,0.10297346722436,0.174469264104796,-0.2471800142681,0.0714957968804362
" 60-69",782,6.52633282669268,6.03666158476946,-0.00155621699079567,0.143099186398326,-0.489671241923219,0.144655403389122
" 70+",471,6.61599602330039,5.9193146227243,-0.0863511551916634,0.13039383933386,-0.696681400576092,0.216744994525523
