"variable","n","mean","sd","median","min","max"
"Age",10000,36.7421,22.3975657758889,36,0,80
"HHIncomeMid",9189,57206.1704211557,33020.2765837261,50000,2500,1e+05
"Poverty",9274,2.80184386456761,1.6779090063703,2.7,0,5
"BMI",9634,26.660135976749,7.37657910062985,25.98,12.88,81.25
"BPSysAve",8551,118.154952637118,17.2481702996257,116,76,226
"BPDiaAve",8551,67.480060811601,14.3548037902282,69,0,116
"DirectChol",8474,1.36486547085202,0.39925805978693,1.29,0.39,4.03
"TotChol",8474,4.87921996695775,1.07558334878535,4.78,1.53,13.65
